epoch,detection_loss,bbox_loss,total_loss
0,0.7567329288475098,32.2831654018826,16.519949156140523
1,0.6881516083838448,18.645701332697794,9.666926512642512
2,0.6918272092228844,18.104823294140044,9.398325246477883
3,0.687441140886337,17.61476553054083,9.1511033905877
4,0.6866998445420038,16.64083839598156,8.66376909377083
5,0.6790161340955704,16.401320941864498,8.54016852000403
6,0.6670469528152829,16.170325718228778,8.41868635964772
7,0.6524128715197245,16.13089620499384,8.391654536837624
8,0.5364587924310139,15.519319655403258,8.027889198727078
9,0.4506652506570967,13.966599577949161,7.208632401057652
10,0.4527005848903505,14.988345380813357,7.720522960027059
11,0.4202826720854593,13.771082348293728,7.095682556667025
12,0.43552633221187287,14.266226760924809,7.350876554610237
13,0.4183707483231075,14.084155218941826,7.251262975117517
14,0.3964742024739583,14.08374237635779,7.240108278062609
15,0.4002606147338474,13.137937523069835,6.769099065235683
16,0.40097925894790226,14.830080902765667,7.615530085942102
17,0.3713697527372648,13.380762455955384,6.876066117059617
18,0.38008619975002983,13.302304570637052,6.841195348709348
19,0.4017459279488003,13.645564593966045,7.023655278342111
20,0.39638234745888484,13.761161350068592,7.078771825820681
21,0.39251299013221075,13.804402729821584,7.098457870029268
22,0.395297481427117,13.620463272881887,7.0078803811754495
23,0.4088893788201468,14.26861692610241,7.338753132593064
24,0.4192338980852611,13.192818732488723,6.806026341423156
25,0.4105786548720466,13.419454574584961,6.915016590602814
26,0.40299855905865867,13.366966656276158,6.884982642673311
27,0.41067217929022654,13.017230435023231,6.713951307629782
28,0.40390549907608636,13.004008845677452,6.7039571527450805
29,0.38106098983969006,12.722959669809493,6.552010328050644
30,0.38921613293507745,12.632413338101099,6.51081471405332
31,0.3926883673384076,12.545505898339409,6.4690971109602184
32,0.4117245180975823,13.578497031378367,6.995110746413943
33,0.37651271952523124,12.106356582944356,6.241434611971417
34,0.4016092892677065,13.650434660533119,7.026021942259773
35,0.3749009319950664,13.71702089763823,7.045960918305412
36,0.4077750900908122,12.86926315701197,6.638519124379234
37,0.4051999265239352,13.284987093910338,6.845093541675144
38,0.3796199873562843,13.182288699679905,6.78095435339307
39,0.3950696729478382,12.92912753423055,6.662098589397612
40,0.42020408974753487,13.100792370145284,6.760498220958407
41,0.35787551495290937,11.439682165781656,5.898778824579148
42,0.35976024587003014,11.825081696586004,6.092420998073759
43,0.4034568156514849,12.756526212843637,6.579991548780411
44,0.3555574237354218,12.405591737656366,6.380574593468318
45,0.3640269320162516,12.176475343250093,6.270251115163167
46,0.3748697917612772,12.2073092233567,6.291089487454248
47,0.35187833413245184,11.26612028621492,5.808999303787473
48,0.40091994641319156,12.578898906707764,6.4899094218299505
49,0.38903026353745235,12.230128068772574,6.309579149125114
50,0.3675304005543391,11.840205851055327,6.103868121192569
51,0.3549643095050539,11.907601909031944,6.131283088335915
52,0.3638958939247661,12.2933686725677,6.328632275263469
53,0.3703121769995916,12.755279628057329,6.56279590773204
54,0.3560479487928133,10.997107036530025,5.67657746965923
55,0.37830832860772573,11.387553487505231,5.882930918345376
56,0.37722819818863795,12.470300704713852,6.423764452101692
57,0.37087584251449224,12.074915113903227,6.222895489798652
58,0.3530735041177462,12.102239025963677,6.227656250908261
59,0.3419807594683435,11.953710200294616,6.147845483961559
60,0.3659303741795676,11.701793352762857,6.033861849043104
61,0.34860078481927753,11.481272553640698,5.914936682534596
62,0.36754510788217426,11.644036217341347,6.005790676389422
63,0.36627011994520825,11.753413291204543,6.059841723669143
64,0.3405964044587953,11.666929721832275,6.003763051260085
65,0.3605502907718931,11.328225885118757,5.84438807623727
66,0.31262199651627315,11.078767466166664,5.695694741748628
67,0.35028734744068174,11.400090406811426,5.875188872927711
68,0.3563488734856484,12.336359765794542,6.346354371025448
69,0.30943110171291566,10.518274322388665,5.413852674620492
70,0.34629572620467536,11.326738660297696,5.836517178823078
71,0.3766000443507755,11.723021711621966,6.049810882598635
72,0.37622712055842084,10.884416985133338,5.63032207034883
73,0.33682267935503096,11.492703293997144,5.91476299270751
74,0.3527447593117517,11.278435744936504,5.815590226461017
75,0.3726132860968983,11.581625711350213,5.97711950256711
76,0.33960462196005714,11.16469769250779,5.752151190288483
77,0.3304851156851602,11.345588373759437,5.8380367528824575
78,0.34458978817103403,11.470691400860984,5.907640631236728
79,0.34368190595081877,10.571779410044352,5.457730656578427
80,0.32209305967839935,11.117393698011126,5.71974333695003
81,0.30097788643269313,10.35866173486861,5.329819823068286
82,0.34539737173962215,11.225009982548062,5.785203680159554
83,0.3579237621928018,11.280369516402956,5.819146625579349
84,0.3423079987840047,11.16628837207007,5.754298168515402
85,0.36270779974403833,10.871898484608483,5.6173031519329735
86,0.3236075798197398,10.97473222490341,5.649169899168468
87,0.32391247697292813,11.115738308618939,5.719825381324405
88,0.3478051031392718,11.168621025388203,5.758213105655852
89,0.3397308402354755,10.721499314383856,5.530615100784908
90,0.34637663714469424,10.946555470663403,5.646466073535738
91,0.32015224628978306,9.966941613999625,5.143546937003968
92,0.36059668601032285,11.418396041506814,5.88949636050633
93,0.3155964780894537,10.319801936073908,5.317699195846679
94,0.33063157092011164,10.181609153747559,5.256120375224522
95,0.3496383240535146,11.255790657467312,5.802714510569497
96,0.37402447182980797,10.82908522893512,5.601554821407984
97,0.31499381895576206,10.392992628945244,5.353993224719214
98,0.33847026101180483,10.284865477728465,5.311667866177029
99,0.33018709695528425,10.899004179333884,5.614595636488899
100,0.3274498527485227,10.742844763256254,5.53514732254876
101,0.3316586259456854,11.251662477614387,5.791660515088884
102,0.2992958542373445,10.114619489700075,5.206957688407292
103,0.3279287546636566,10.081059346123347,5.20449405624753
104,0.3126050971803211,9.832822406102741,5.072713738396054
105,0.3199719986508763,10.40875320207505,5.364362591788883
106,0.3358707430343779,10.580898443857828,5.458384597112262
107,0.30077912457405576,10.511741433824811,5.406260263352167
108,0.3494302702565042,10.888038892594595,5.6187345830221025
109,0.3162490791744656,10.548257286586459,5.432253192341517
110,0.3031268239257828,9.903204554603214,5.103165679507786
111,0.3211652397636383,10.179608413151332,5.25038680954585
112,0.3211535116036733,10.799279114556692,5.56021633602324
113,0.3269815786726891,9.996594807458303,5.161788175976466
114,0.31650096319970633,9.831878743474446,5.074189842693389
115,0.3111392468923614,9.127443964519198,4.7192916169999135
116,0.31835084148342646,10.277541629851811,5.297946237382435
117,0.36067425459623337,10.369736391400535,5.36520528793335
118,0.2982076962907163,10.016221856314038,5.157214775918022
119,0.3147311524029762,10.27353443039788,5.294132785191612
120,0.32463579660370234,10.328191023024301,5.326413385451786
121,0.3214246991371352,9.764693861915951,5.043059284724887
122,0.3291694466320295,10.048306279712254,5.188737827634054
123,0.3167039354642232,10.410196160513257,5.363450057922848
124,0.316387558858546,10.347283121139284,5.331835341831995
125,0.3198734044082581,10.403110530641344,5.361491960192484
126,0.2768764344472734,9.357799072114249,4.817337753280761
127,0.3203395408770395,10.318744129604763,5.3195418081586325
128,0.344958491859928,10.614476158505393,5.47971733032711
129,0.3152751305273601,9.991119702657064,5.153197409614684
130,0.29269318170254194,9.956230935596285,5.124462067134797
131,0.28690568783453535,9.801813034784226,5.044359339608087
132,0.29499622120980235,10.670779004929559,5.4828875954189
133,0.305549956148579,9.929847948134892,5.117698964618501
134,0.32381808166466064,10.617310819171724,5.470564437290979
135,0.31786878951012143,9.841971359555684,5.0799200970029075
136,0.30718207595840336,9.43757919281248,4.872380631310599
137,0.34481857823474066,9.19629416768513,4.770556377986121
138,0.3074102064683324,10.229745702138024,5.268577961694627
139,0.32292965468433166,10.430346564641075,5.3766381210751
140,0.27986515449389576,9.43927880885109,4.859571983889928
141,0.3288340061193421,9.842822048399183,5.085828043165661
142,0.31917081950675874,9.226881314837744,4.77302604819101
143,0.28131395974566065,9.718541326976958,4.999927668344407
144,0.3003743653969159,10.002354330486721,5.15136436432127
145,0.2931756710722333,9.011844846937391,4.652510258886549
146,0.3231244089584502,9.66667183618697,4.994898086502438
147,0.30337990784928914,9.833897847977896,5.068638858341036
148,0.29965643525596647,10.644104957580566,5.4718806857154485
149,0.2880142248930439,9.628190154121036,4.958102173275417
150,0.29344311876902507,9.539862958211748,4.91665304085565
151,0.29199625214650515,10.198799523096236,5.245397868610564
152,0.34077457356311025,9.837021748224894,5.088898128933376
153,0.27708398787275196,9.597643871155997,4.93736389705113
154,0.30225785194881377,9.638816954597594,4.970537403273204
155,0.3099956751342804,9.632606502563235,4.971301086365231
156,0.28501341219932314,10.079883545164078,5.182448468511066
157,0.30729309126498205,9.654528057764447,4.980910585040138
158,0.2995912941793601,9.313526690952362,4.806558993127611
159,0.30667222965331303,10.567399357992505,5.437035797134278
160,0.3053916147540486,10.333646740232195,5.319519137579297
161,0.2986605902394605,9.562260415818956,4.93046049844651
162,0.3204322315397717,10.377048795185392,5.348740517147004
163,0.27632083069710506,10.19762779417492,5.236974332067701
164,0.3051114341332799,10.442323230561756,5.373717345888653
165,0.3260746207975206,9.850380742360676,5.088227680751255
166,0.2745409376091427,9.306325102609302,4.790433019872696
167,0.32206841256646884,9.935419355119977,5.1287439001931086
168,0.29887148998086416,10.250134895718286,5.274503185635521
169,0.28293445848283316,9.952638807750883,5.117786604260641
170,0.324170741415213,9.770624047233945,5.047397409166608
171,0.2691145177989725,10.14067776619442,5.204896143504551
172,0.31999894846526405,9.279793905833412,4.799896440808735
173,0.3041486081386369,9.19758399327596,4.750866292014955
174,0.26482733628816074,9.415398745309739,4.840113024862986
175,0.316513559766232,9.58267867375934,4.949596098491123
176,0.27457514890129603,8.683889619887822,4.4792323717995295
177,0.3328576956594747,9.051496240827772,4.692176962655688
178,0.28294545589458375,9.644251649341886,4.9635985730186345
179,0.29552132866921876,9.4380297206697,4.8667755335096325
180,0.33914941844959107,9.503151337305704,4.921150370249673
181,0.2993829074714865,9.916970809300741,5.108176870951577
182,0.2815054879183807,9.321244207639543,4.801374818597521
183,0.3065284230406322,10.35740089794946,5.331964676342313
184,0.2993827209113136,9.502659653860425,4.901021181590973
185,0.3241998445656564,9.778182574680873,5.051191163441492
186,0.2880963161587715,9.771916635452754,5.030006480595422
187,0.29553089882173234,9.539499051987178,4.91751495997111
188,0.290308267173786,9.48694416076418,4.888626231087579
189,0.33530394094330923,9.939070769718715,5.13718737307049
190,0.3077088155088917,9.51426278977167,4.910985808523875
191,0.3022860824352219,9.185909916484167,4.7440979934874035
192,0.2960464788807763,9.93972332893856,5.11788491029588
193,0.30390302860547624,9.605768790320745,4.954835912537953
194,0.29900711632910226,9.63527572722662,4.967141433367654
195,0.2730240182034553,9.009762355259486,4.6413931922307095
196,0.30311137514691505,10.49548737964933,5.399299405869984
197,0.28874860514724066,10.240355260788448,5.264551917711894
198,0.32591221505214296,9.824776891678098,5.07534456820715
199,0.3043351208879834,9.655304163221329,4.97981961473586
200,0.2846302918735005,9.34478763928489,4.81470897651854
201,0.28260425105690956,10.06203968562777,5.172321966716221
202,0.2776265844466194,9.594411361785163,4.936018977846418
203,0.28718687783158015,9.540792991244604,4.913989937494671
204,0.30586187151216326,9.401507967994327,4.85368491732885
205,0.3022929724483263,9.542327305627248,4.922310125260126
206,0.3021662391367413,9.324874030219185,4.813520124980381
207,0.28493409757576293,9.172719372643364,4.728826712048243
208,0.3094274838055883,9.668033289530921,4.988730390866597
209,0.2779779816194186,9.316940863927206,4.797459418811496
210,0.25977187059701434,9.052991032600403,4.656381485954164
211,0.3070325561695629,9.224498737426032,4.765765648039561
212,0.2658406691773543,9.42219725109282,4.844018953187125
213,0.3199801363997043,9.920028697876702,5.120004387128921
214,0.2796631431177495,9.361900734522987,4.820781949966673
215,0.257336137372823,9.410364514305478,4.833850338345482
216,0.30631632960978006,9.365767478942871,4.836041900846693
217,0.30590872573001043,9.979402511838883,5.1426556053615755
218,0.2902415550299107,8.959661707045539,4.624951657794771
219,0.3015721343339436,9.152533489560325,4.72705280213129
220,0.28084498377782957,9.543430593278673,4.9121378149305075
221,0.28634187508197056,9.892591847313774,5.08946684807066
222,0.27903075853273984,9.017069173237633,4.64804996952178
223,0.29769131044546765,10.055740977090503,5.176716153583829
224,0.26055898972683483,9.633720609876844,4.947139775942242
225,0.30494769508876496,9.160307059212336,4.732627376677498
226,0.27448164778096334,9.488220971728127,4.881351285510593
227,0.3186220012250401,9.039413512699188,4.679017759504772
228,0.28834594407724956,10.125881259403531,5.2071135933437045
229,0.27163451939584715,9.539093891779581,4.905364180368091
230,0.28670940382613075,9.413337480454217,4.850023432383462
231,0.2636676039842386,9.037233118026975,4.650450356422909
232,0.2967840384632822,9.961988335564023,5.129386197952997
233,0.2721636201890688,9.045867723131936,4.659015674439687
234,0.31105937997973154,9.3926119577317,4.851835672817533
235,0.28211654036764117,9.971525086296928,5.126820832963974
236,0.2845600944544588,8.970705229138572,4.627632663363502
237,0.32612270294200807,9.85999089574057,5.093056818795582
238,0.26598551213031724,9.158972342809042,4.712478923419165
239,0.28306327594651115,9.748196140168206,5.015629692683144
240,0.2740247684811789,9.862615343124148,5.0683200548565575
241,0.304057791710846,9.211003333803207,4.757530570030212
242,0.28224929611361216,10.139214053986565,5.210731718275282
243,0.31647157491672606,9.478936501911708,4.897703986319285
244,0.2834446845901391,9.398484831764584,4.840964765775771
245,0.28715175455288283,9.543560713056534,4.915356200838846
246,0.2617362612001007,8.475836519211057,4.3687863822967286
247,0.2793544636122764,9.718014720886472,4.998684578471714
248,0.26675354393701706,9.872379297301883,5.069566443799034
249,0.26387243197550847,9.64651169852605,4.955192066374279
250,0.2590889924811938,9.253648572497898,4.756368790354047
251,0.26880047221978504,8.768589246840705,4.518694847349137
252,0.2958651398500753,9.008024919600714,4.651945027094039
253,0.27994732192111393,9.4904466886369,4.8851969998980325
254,0.2990716280681746,9.354159801725357,4.826615691184998
255,0.2673409568766753,9.085071961085001,4.676206435476031
256,0.29288683204896865,9.033090909322103,4.6629888614018755
257,0.23229907866981295,7.9425436731368775,4.087421359523894
258,0.2611674616142871,8.927933382609535,4.594550426044162
259,0.2683772665285875,9.012151638666788,4.6402644694797575
260,0.2935756883687443,9.651036160332817,4.97230593363444
261,0.2501253379834077,9.64980799811227,4.949966660567692
262,0.29123541783718837,9.615037214188348,4.953136307852609
263,0.2919690429218232,10.0938361977774,5.192902612307715
264,0.28778834652806085,8.902270532789684,4.595029460059272
265,0.290752368550452,9.421304316747756,4.856028337327261
266,0.2958447905996489,8.81071594783238,4.553280363007198
267,0.27432786489999483,9.079845723651705,4.677086786618308
268,0.3063916182588963,9.32114957627796,4.813770589374361
269,0.2760674162279992,9.215385088844904,4.745726265604534
270,0.2847633424495894,9.282951214956858,4.783857283138094
271,0.250054414251021,8.768484834640745,4.5092696329903985
272,0.26701487967419246,8.955175944737025,4.61109541522132
273,0.26681819049611927,8.541659317319356,4.404238755740817
274,0.2927523381298497,9.794203247342791,5.043477788804069
275,0.2567821510490917,8.919077574260651,4.58792985999395
276,0.2591309660956973,8.868989895260523,4.5640604420313755
277,0.27029839394584537,9.362793672652472,4.8165460257303145
278,0.2799153857760959,9.174299353644962,4.727107360249474
279,0.28255384592782884,9.344741821289062,4.8136478340814985
280,0.2879967830247349,10.291402128007677,5.289699459832812
281,0.29757156778895666,9.144850322178431,4.721210933866955
282,0.2791358809622507,9.061143390716069,4.670139634420002
283,0.26946685557800626,9.469400413452632,4.869433643325927
284,0.3119577970060091,9.31451944699363,4.813238616973635
285,0.260341520702082,9.807321885275462,5.033831709907169
286,0.2885250965990717,8.974913373826043,4.6317192543120616
287,0.27757416748338276,9.460939195421007,4.869256687542749
288,0.2875798201513669,9.072481374891977,4.680030593796382
289,0.27283825476964313,9.575752046373156,4.9242951605055065
290,0.2852572004591662,8.704082360343328,4.494669772329784
291,0.2595680690710507,8.730296150086419,4.494932093317547
292,0.26757428020475404,9.291231155395508,4.779402712034801
293,0.2885436111735919,9.901044349821786,5.094793957377237
294,0.2988553744932962,9.531446449340336,4.915150886490231
295,0.258954050522002,8.659871725809007,4.459412879414028
296,0.27636936709048254,9.374130703154064,4.82525006173149
297,0.2676465485304121,9.105524835132417,4.686585721515474
298,0.27462336840847185,8.962529863630023,4.618576596653651
299,0.2901401442904321,9.47670877169049,4.883424456157382
300,0.2900411798249161,8.30381849455455,4.2969298343809825
301,0.3141379313809531,9.807430271118406,5.060784114731683
302,0.30732801663024084,9.120210409164429,4.713769229631575
303,0.26347853024564094,8.742272199146331,4.502875364015972
304,0.26105142869646586,9.25153476851327,4.756293113269503
305,0.2733595354098176,8.9996318873905,4.63649570752704
306,0.24952544869175033,8.794045248674967,4.5217853339891585
307,0.2660443252396016,8.726460612009442,4.496252436486501
308,0.3081980405582322,9.412007206962222,4.860102628904675
309,0.27619011889374445,8.939116004913572,4.607653053980025
310,0.2655220682185794,8.722157930570935,4.493840007554917
311,0.2910656918372427,9.319144195980495,4.805104929303366
312,0.2641978603861635,8.192991892496744,4.2285948859320746
313,0.23688727020034714,9.555151288471524,4.8960192563041804
314,0.27541093132089056,8.608277964213539,4.4418444444262795
315,0.3203458583780697,9.263388444506933,4.791867169122847
316,0.28650059255342636,8.702578612736293,4.494539592001173
317,0.24880733973686658,9.132901498249598,4.690854422629825
318,0.26930684075942113,9.340873006790403,4.80508992407057
319,0.2728726665178935,8.186755343089027,4.229814012845357
320,0.2871371129202464,8.450168015464904,4.368652559462047
321,0.25331201179633067,8.304275527833001,4.278793736109658
322,0.2624183708713168,9.006693681081137,4.634556005871485
323,0.26870828453037476,8.464552351406642,4.366630283613054
324,0.27731182358212886,9.226942936579386,4.752127391951425
325,0.2765821295952986,9.277524388025677,4.777053248314631
326,0.30581055685049957,9.83503966861301,5.070425073305766
327,0.2535121948827827,9.65962560971578,4.956568884471106
328,0.30408163132175564,9.382984986380926,4.843533309679183
329,0.24332242961677295,8.578598584447588,4.410960500202481
330,0.24590704117029433,9.17245212055388,4.709179586834377
331,0.2856072787018049,9.575316955172827,4.930462084119282
332,0.24796944170717208,9.184637697916182,4.716303586959839
333,0.2839014148783116,9.344911499628944,4.814406451724825
334,0.26896368990105296,9.033340022677468,4.6511518520022195
335,0.2375500233814357,8.985579865319389,4.611564984397282
336,0.27147567958112745,8.884410335904075,4.577942976875911
337,0.28139640260783455,9.036837793531872,4.659117096946353
338,0.2817245152971101,9.279746225902013,4.780735365928165
339,0.2676366793494376,8.614281438645863,4.440959073248363
340,0.2581139857333804,9.143070145258827,4.700592075075422
341,0.2935298165631673,9.737014422340998,5.01527210265871
342,0.2852050360469591,9.63563433147612,4.960419692690411
343,0.2726337067664616,9.270619479436723,4.771626586005802
344,0.2642465735238696,9.002475420633951,4.633360983833434
345,0.26803631087144214,8.310421213271125,4.289228774252392
346,0.2666319800866029,9.204278295002286,4.735455132666088
347,0.2778050968098262,9.17432067129347,4.7260628957597035
348,0.26507569790359525,8.98706497086419,4.626070310199071
349,0.2546932071683899,8.591567058411856,4.423130145148625
350,0.30396109943588573,9.357285686901637,4.830623362745557
351,0.2519242507479494,8.546162620423333,4.399043454064263
352,0.2631663382053375,8.3470261210487,4.305096211887541
353,0.31358414025060716,9.750791572389149,5.032187872462803
354,0.28549883059329456,9.144806543986002,4.715152664790078
355,0.2869023827333299,8.656854769540212,4.471878574008033
356,0.25466464418503976,8.342592508073837,4.298628576218136
357,0.2887084309070829,9.170062750104874,4.729385572766501
358,0.3001491997745775,9.383815924326578,4.84198256333669
359,0.31749658416661003,9.165110813246834,4.741303697464958
360,0.2535351028754598,9.067341866947356,4.66043848981933
361,0.2670231732938971,8.78587069587102,4.526446951760186
362,0.2685737783118846,8.927098213680207,4.597835994902111
363,0.2732713046291518,8.96682505758982,4.620048170997983
364,0.29798258864690386,9.1833367991069,4.740659696715219
365,0.26284834192622275,9.12455986416529,4.693704101774427
366,0.27315315556904624,9.102786359332857,4.687969779211377
367,0.2729783842251414,9.615819518528287,4.944398944340055
368,0.277333835376397,8.97030454590207,4.6238192225259445
369,0.23933660108891744,8.919973116072397,4.579654839303759
370,0.284782380930015,8.745092895295885,4.514937608961075
371,0.27512508831799976,9.107385544549851,4.691255279949734
372,0.24371588661793678,9.273083357583909,4.758399605751038
373,0.26097172735229374,8.770201573296198,4.515586637315296
374,0.3092304063694818,9.575345414025444,4.942287904875619
375,0.2354014143643398,8.810974007561093,4.523187705448696
376,0.28019420501022113,8.989964579779004,4.63507938952673
377,0.2650323494204453,8.992789771821764,4.628911075137911
378,0.24609397857316903,8.46498205548241,4.355538029519338
379,0.2668500881464708,8.216144414175124,4.241497268752446
380,0.28079463813513045,8.964462636009095,4.622628635830349
381,0.2743500244049799,9.12277226599436,4.698561144253564
382,0.27757300809025764,8.914458914408607,4.596015932067992
383,0.2625929733353948,8.844291248018779,4.553442101629954
384,0.2820799709075973,9.02164211538103,4.651861037526812
385,0.27995239943265915,9.395643839760432,4.837798139405629
386,0.2334027002373385,8.554061246296715,4.3937319573901945
387,0.30507332943971194,8.841203591180227,4.573138465957036
388,0.2756283622057665,8.462419555300759,4.369023949380905
389,0.2812548805442121,9.49701115820143,4.889133018160623
390,0.2572337756199496,9.011922609238397,4.634578193937029
391,0.2499949632892533,8.998012767897713,4.6240038635238765
392,0.287334549817301,8.988334686037094,4.637834613285367
393,0.28762586166461307,8.61493584466359,4.45128087202708
394,0.2872300770074602,8.918347774990021,4.602788910033211
395,0.24520219312537284,8.347003308553544,4.296102760330079
396,0.26353688821906135,9.62878840310233,4.946162632533482
397,0.31686462958653766,9.930418014526367,5.123641303607395
398,0.24217637261701008,9.394260308099172,4.818218329596141
399,0.27174427998917444,8.795518504248726,4.533631409917559
400,0.2651183514722756,9.118673188345772,4.6918957857858565
401,0.2866198808427841,8.79686394948808,4.54174191138101
402,0.2633270636082642,8.572223572503953,4.417775318736122
403,0.2884036135224123,9.230329619513618,4.759366645699456
404,0.24584779226117665,8.607219624140907,4.426533704712277
405,0.27917764324044425,9.071135660958669,4.675156663334559
406,0.2892693614675885,9.103765226545788,4.69651728963095
407,0.25379489977208397,8.96580870189364,4.60980182602292
408,0.2673208780350193,8.70227489395747,4.4847978883319435
409,0.26201209757063126,9.268155461265927,4.765083772795541
410,0.27438536120785606,8.73201999210176,4.503202663527595
411,0.26186598039099146,8.555623663796318,4.408744838502672
412,0.2756733119724289,8.47191169526842,4.373792516806769
413,0.2744469292580135,8.670389107295446,4.47241801496536
414,0.23790327323571084,8.46104617724343,4.349474725269136
415,0.2881626616867762,8.755421331950597,4.521792020116534
416,0.258930204288354,8.31249829890236,4.285714256385016
417,0.2806505990170297,9.330453516945006,4.8055520663185725
418,0.26647672796296695,9.409586346338665,4.8380315568712025
419,0.25622900463049375,9.460176119728693,4.858202527439784
420,0.24811192761574472,8.104332019412329,4.1762219951266335
421,0.29269148054577054,8.744681873018779,4.518686663536799
422,0.2957164089358042,8.654851429046147,4.475283916034396
423,0.27953592084702994,8.64785271220737,4.463694326461307
424,0.2703780163493421,8.475523271257915,4.372950656073434
425,0.25350323958056314,8.899441491989862,4.576472342960418
426,0.27296133321665583,8.968288633558485,4.620624981229267
427,0.27950175544099204,8.969364885299925,4.624433364186968
428,0.25726066677579806,9.432563736325218,4.844912211100261
429,0.27541013641489875,8.850327359305489,4.5628687521768
430,0.24702025051154788,8.386918400961255,4.316969341701931
431,0.2798874235105893,8.945189358696105,4.612538394473848
432,0.2831636634137895,9.17934325006273,4.731253468801105
433,0.295681422901532,9.216367433941553,4.756024434452965
434,0.27127381337303963,8.705358527955555,4.488316157507518
435,0.2559610413062194,9.42230859256926,4.839134838845995
436,0.25175201277884224,9.325164427832952,4.78845821486579
437,0.2841856802503268,8.898691843426416,4.591438766509768
438,0.2409948439943412,8.782348504142156,4.511671673683893
439,0.23138477582307088,8.825794628688268,4.528589678189111
440,0.2468820454937125,8.535776554592072,4.391329305512564
441,0.26780183152073905,8.94150724108257,4.604654542983524
442,0.24150590634062177,8.807374564428178,4.524440231777373
443,0.30242678209666224,8.721977362557062,4.512202067034585
444,0.2519755609451778,8.710833909019591,4.481404739712912
445,0.291682197106263,8.797455677910456,4.544568920892383
446,0.27007306692382643,9.312361425823635,4.791217272243802
447,0.276420252604617,9.143157289141701,4.709788793609256
448,0.236001059590351,8.673647464267791,4.454824286793905
449,0.25232111455665696,9.199616852260771,4.725968966408382
450,0.2609328077071243,8.521044309177096,4.390988558057755
451,0.27858241328171324,9.200756421164861,4.739669428931342
452,0.29138852360229645,8.85660069329398,4.573994581661527
453,0.2577559683057997,8.754756151683747,4.506256061886984
454,0.27915319693940027,8.750964838360984,4.515059013215322
455,0.2644957591971708,8.953482510551574,4.608989119529724
456,0.26323490359243895,8.778207078812615,4.520721004122779
457,0.3137583647455488,9.610915789528498,4.9623370662568105
458,0.2769769530684229,8.60993540854681,4.443456172943115
459,0.28563612297413843,8.38704474388607,4.336340451997424
460,0.2604990415866413,9.69526363554455,4.977881282094925
461,0.2571050434240273,9.935587542397636,5.096346287500291
462,0.24994420514456808,9.127653943167793,4.688799099316673
463,0.2568263406791384,9.001617908477783,4.629222126234145
464,0.2602113906353239,8.845955122084845,4.553083268422929
465,0.28038344922519864,8.637561387485928,4.458972438933357
466,0.23279971537727212,7.898910204569499,4.065854963802156
467,0.23860749501794104,8.406054209149072,4.3223308930321345
468,0.2666776940108292,8.566568563854883,4.41662313446166
469,0.2583234928075283,8.3739070722035,4.3161152970223196
470,0.2659926919473542,8.602100417727517,4.434046546618144
471,0.262261154159667,8.166319457311479,4.214290293436202
472,0.2733125625148652,10.047823005252415,5.160567783174061
473,0.2651309637973706,8.84793470397828,4.5565328446645585
474,0.24660248466072573,8.506125185224745,4.376363820499844
475,0.2641054376486748,8.753861107523479,4.508983273354787
476,0.2477902974046412,8.24592379918174,4.24685706032647
477,0.23354204643576865,7.885458363427056,4.059500194731212
478,0.27097124972986797,9.64505930552407,4.95801527916439
479,0.2438718040902463,8.397362886913239,4.3206173578898115
480,0.24581533368854297,8.57100378520905,4.408409557645283
481,0.256435885552376,8.443645802755205,4.3500408378858415
482,0.26289733723988606,8.937509540527586,4.600203425165207
483,0.2461313558003259,9.36171135069832,4.803921357033745
484,0.28505135055572267,9.203862897933476,4.74445713134039
485,0.26134608390312347,8.40983876160213,4.335592419382126
486,0.3062457599869323,9.089845233493381,4.698045465681288
487,0.24949258885213307,8.795091473867023,4.522292006583441
488,0.2566405553666372,8.818581511103918,4.537611037019699
489,0.29033692665989436,9.422482112097361,4.856409515653338
490,0.25007059673468274,8.181201389857701,4.2156359941240344
491,0.2736661371494096,9.106602566582817,4.690134322832501
492,0.2620710319588109,8.303543654699174,4.282807329344371
493,0.24137655769785246,8.917340838719928,4.579358710183038
494,0.2611616143868083,8.7944008849916,4.527781227278331
495,0.2564557875905718,8.79338964961824,4.52492270204756
496,0.2303945380189116,8.345705974669684,4.2880502598626276
497,0.2660863469576552,8.469453312101818,4.367769824133979
498,0.2801778433578355,8.666125055343386,4.473151452957638
499,0.26770803290936684,8.50291321391151,4.385310602566553
500,0.2566204210595479,8.14479368830484,4.200707051489088
501,0.24349924005449763,8.219261848737323,4.231380519412813
502,0.26956214590205085,8.752175157032315,4.510868676125058
503,0.26260761656458415,8.944839965729486,4.603723787126087
504,0.24088159457795202,8.547518726379153,4.394200178365859
505,0.2722807791497972,8.89822903133574,4.585254903823611
506,0.27373720055061673,8.778455423930335,4.526096298581078
507,0.3156840213470989,9.477422892101227,4.896553472867088
508,0.25230812038930633,8.720717248462496,4.486512679902334
509,0.25734984818550327,8.392997056718857,4.32517345367916
510,0.2630979603245145,8.780696373137216,4.521897170278761
511,0.30742538992374663,9.298113266626993,4.802769350627112
512,0.2691280413714666,8.881649009765141,4.575388552650573
513,0.23657169908521666,8.085364088179572,4.16096790442391
514,0.24323662080698544,8.712740981389606,4.477988780490936
515,0.24987261357998092,8.329610290981474,4.289741459346953
516,0.2768449322098777,8.880446816247607,4.578645861338055
517,0.2616837274815355,8.969146228971935,4.615414960043771
518,0.24990354241832854,8.86878930576264,4.559346414747692
519,0.2608620303254279,8.917815274662441,4.589338669228176
520,0.26805304180062006,8.58178146301754,4.4249172570213435
521,0.24602442140144015,8.25638771435571,4.251206064981128
522,0.2649291531434135,8.92830070616707,4.596614920903766
523,0.2756452126990235,8.32969031636677,4.302667761605884
524,0.24361244967532536,8.365632023130145,4.304622237644498
525,0.23516299055209236,8.241553310364012,4.238358155129448
526,0.24986835102003718,8.008405507556976,4.129136944574023
527,0.266079566633654,8.417437023586697,4.341758306064303
528,0.27373757319790976,8.212768433586,4.243253007767692
529,0.24384991245137322,8.712565418273684,4.47820766766866
530,0.27306762444121496,8.247386054387169,4.260226836280217
531,0.2548756928197921,9.18186256620619,4.718369120643253
532,0.27153263412534245,9.443617661794027,4.857575164900886
533,0.2505338676273823,9.693496442976452,4.9720151575784834
534,0.2574806163708369,7.931599514825003,4.094540039698283
535,0.26923692332846777,8.655844158596462,4.462540530023121
536,0.2636209409979601,8.040521209202115,4.1520710653728905
537,0.2716907683819059,8.544540866972907,4.408115827848041
538,0.2748856676358079,9.586151380387564,4.930518557154943
539,0.24401723067202266,7.884999979109991,4.064508608409336
540,0.21741907428654414,8.906333851435829,4.561876474864899
541,0.27510074984341387,8.64029188004751,4.457696293081556
542,0.235386043432213,8.421586347004723,4.328486189009651
543,0.26758870973236976,8.573888786255367,4.420738729219588
544,0.2742196394810601,8.147435368053497,4.210827501047225
545,0.27487766340611475,9.629556829967196,4.952217228828915
546,0.2245857101820764,9.104645301425268,4.664615524193597
547,0.27682081592224894,8.723453692027501,4.500137260981968
548,0.29760883884534,8.484766661174714,4.3911877643494375
549,0.23123224481703744,9.00064033932156,4.615936302003407
550,0.2792881348185123,8.270451439751518,4.274869792045108
551,0.28760602106414146,8.365363045344276,4.326484545828804
552,0.2868997039539473,9.066140061333066,4.676519870758057
553,0.24857903159563505,8.46196733202253,4.355273182429965
554,0.285086197275964,8.329673112384857,4.307379662044465
555,0.27576429544696734,9.08897762449961,4.682370973011804
556,0.23570498906903797,8.048633284038967,4.1421691254963955
557,0.28835844343143796,8.92177124628945,4.60506482540615
558,0.28989315813495997,9.756381137030465,5.023137175847614
559,0.24644797726992576,8.477001553490048,4.361724775934976
560,0.2631527591082785,8.415024140524485,4.339088443725828
561,0.2632742811526571,8.963434192869398,4.613354247713846
562,0.23132690278783677,8.424208595639183,4.327767720298161
563,0.27542341293560135,8.572183007285709,4.42380322161175
564,0.2628241242870452,8.445264263758583,4.354044206558712
565,0.2103409446953308,8.400907497557382,4.305624220106337
566,0.2628345002257635,8.741235191859897,4.502034809854296
567,0.2297677081373949,8.127695772382948,4.17873175560482
568,0.25979595566316255,9.004793363904197,4.632294624570816
569,0.25413426248327137,8.741438672656106,4.497786474606348
570,0.2436421505279011,9.185863808980065,4.714752978748745
571,0.27271594763511703,8.44773308814518,4.360224517564925
572,0.27278957090207506,9.341455599618337,4.807122593834286
573,0.25631545797463445,8.676033182749672,4.466174307323637
574,0.25753885531236254,8.48211251364814,4.369825681050618
575,0.26964869385673884,8.283556938171387,4.276602833990067
576,0.23728025675056472,7.889399763137575,4.063340005420503
577,0.28245158812829424,8.172849348613195,4.227650472096035
578,0.2654135101253078,8.807206918322851,4.536310188354007
579,0.2316977566196805,7.685830948844789,3.9587643487112865
580,0.28446276225740946,8.790116084946526,4.537289429278601
581,0.2701688783745917,7.941309983768161,4.105739458212777
582,0.23255733991899188,7.809444030125936,4.021000682361542
583,0.25518692817006794,7.901697219364227,4.078442053189353
584,0.26219407599123695,8.011346359101553,4.136770206784445
585,0.2577296579404483,9.576237057882642,4.916983356551518
586,0.25212705153084936,8.776975419786242,4.514551206240578
587,0.2490354317521292,8.318395837904914,4.283715620873466
588,0.24095749547557224,8.566831346542116,4.403894411193
589,0.21319178689921658,7.910386691017757,4.0617892401559015
590,0.2397077570240649,8.78947549396091,4.514591631435213
591,0.2521063405133429,8.353024414607457,4.302565366502792
592,0.23984614990296818,8.286909268015908,4.263377713778662
593,0.2619496512980688,8.872257009385125,4.567103329158964
594,0.26435163404260364,9.146634661962116,4.705493128488934
595,0.25163038666286164,8.040229619495452,4.145929979899573
596,0.2572856466803286,8.406548481138925,4.331917070207142
597,0.23545603696552533,8.831027401818169,4.533241692043486
598,0.24650306905072833,8.138999658917625,4.192751377347916
599,0.2763509688278039,8.945946284702845,4.611148639330788
600,0.2571395364190851,8.626209546649267,4.4416745522665595
601,0.24320431071377935,8.398291216956245,4.320747761499314
